,antecedants,consequents,antecedent support,consequent support,support,confidence,lift,leverage,conviction
0,frozenset({'236ML                         '}),frozenset({'Appolo                        '}),0.025045433893684688,0.009706762077843404,0.0003454868998939876,0.013794406651549511,1.4211130901247224,0.00010237683195163521,1.0041448199049727
1,frozenset({'Appolo                        '}),frozenset({'236ML                         '}),0.009706762077843404,0.025045433893684688,0.0003454868998939876,0.0355923939541687,1.4211130901247222,0.00010237683195163521,1.010936205805891
2,frozenset({'236ML                         '}),frozenset({'Cakes                         '}),0.025045433893684688,0.009460661820384674,0.0002886945327881266,0.011526832955404383,1.21839604609561,5.174815257517559e-05,1.0020902652736616
3,frozenset({'Cakes                         '}),frozenset({'236ML                         '}),0.009460661820384674,0.025045433893684688,0.0002886945327881266,0.030515257628814404,1.21839604609561,5.174815257517559e-05,1.0056419905296823
4,frozenset({'236ML                         '}),frozenset({'Potato                        '}),0.025045433893684688,0.01080474784189005,0.00040227926699984857,0.016061980347694634,1.4865668854780925,0.000131669669187859,1.0053430525102205
5,frozenset({'Potato                        '}),frozenset({'236ML                         '}),0.01080474784189005,0.025045433893684688,0.00040227926699984857,0.0372317126587823,1.4865668854780925,0.000131669669187859,1.0126575406827651
6,frozenset({'236ML                         '}),frozenset({'Regular $8.5                  '}),0.025045433893684688,0.0020681887021051035,0.0006341814326821141,0.025321239606953892,12.243195981672608,0.0005823827492638752,1.0238571433478982
7,frozenset({'Regular $8.5                  '}),frozenset({'236ML                         '}),0.0020681887021051035,0.025045433893684688,0.0006341814326821141,0.30663615560640733,12.24319598167261,0.0005823827492638752,1.4061225920411213
8,frozenset({'236ML                         '}),frozenset({'SAINT HONORE                  '}),0.025045433893684688,0.006256625776162351,0.0009465394517643495,0.03779289493575208,6.040459552454366,0.0007898395444899517,1.0327749285924095
9,frozenset({'SAINT HONORE                  '}),frozenset({'236ML                         '}),0.006256625776162351,0.025045433893684688,0.0009465394517643495,0.151285930408472,6.040459552454365,0.0007898395444899517,1.1487432588168882
10,frozenset({'236ML                         '}),frozenset({'Tetra Pack                    '}),0.025045433893684688,0.02496971073754354,0.0006909737997879752,0.027588813303099022,1.1048911856883266,6.559656016639982e-05,1.0026934105668324
11,frozenset({'Tetra Pack                    '}),frozenset({'236ML                         '}),0.02496971073754354,0.025045433893684688,0.0006909737997879752,0.027672479150871877,1.1048911856883266,6.559656016639982e-05,1.0027018110676256
12,frozenset({'236ML                         '}),frozenset({'drink                         '}),0.025045433893684688,0.009791950628502195,0.0002744964410116614,0.010959939531368104,1.1192805138810802,2.9252788855285412e-05,1.001180931844472
13,frozenset({'drink                         '}),frozenset({'236ML                         '}),0.009791950628502195,0.025045433893684688,0.0002744964410116614,0.02803286611889802,1.1192805138810802,2.9252788855285412e-05,1.0030735938706943
14,frozenset({'250 T/P                       '}),frozenset({'SAINT HONORE                  '}),0.002290625473269726,0.006256625776162351,0.00048746781765864,0.21280991735537189,34.013528212950575,0.00047313623127904656,1.2623931578066598
15,frozenset({'SAINT HONORE                  '}),frozenset({'250 T/P                       '}),0.006256625776162351,0.002290625473269726,0.00048746781765864,0.07791225416036308,34.013528212950575,0.00047313623127904656,1.0820113151143047
16,frozenset({'375 T/P                       '}),frozenset({'Potato                        '}),0.013568643041041951,0.01080474784189005,0.0002555656519763744,0.018835019183815836,1.743216913475055,0.00010895988536129992,1.00818442514657
17,frozenset({'Potato                        '}),frozenset({'375 T/P                       '}),0.01080474784189005,0.013568643041041951,0.0002555656519763744,0.023653088042049936,1.743216913475055,0.00010895988536129992,1.010328751878556
18,frozenset({'375 T/P                       '}),frozenset({'Tetra Pack                    '}),0.013568643041041951,0.02496971073754354,0.0011784416174466152,0.08685036623648414,3.4782287688218636,0.0008396365256108146,1.0677661723894052
19,frozenset({'Tetra Pack                    '}),frozenset({'375 T/P                       '}),0.02496971073754354,0.013568643041041951,0.0011784416174466152,0.047194844579226694,3.4782287688218636,0.0008396365256108146,1.035291792185292
20,frozenset({'AMBIENT                       '}),frozenset({'Bottle                        '}),0.0019262077843404514,0.11653320460396789,0.0002981599273057701,0.15479115479115477,1.3283008505361589,7.36927614634686e-05,1.045264493390073
21,frozenset({'Bottle                        '}),frozenset({'AMBIENT                       '}),0.11653320460396789,0.0019262077843404514,0.0002981599273057701,0.0025585834382487915,1.3283008505361589,7.36927614634686e-05,1.0006339977901542
22,frozenset({'Analgesics                    '}),frozenset({'SM<=500ML                     '}),0.0003502195971528093,0.013289413902771467,0.00028396183552930487,0.8108108108108109,61.01178101178102,0.0002793076223458793,5.215470240799638
23,frozenset({'SM<=500ML                     '}),frozenset({'Analgesics                    '}),0.013289413902771467,0.0003502195971528093,0.00028396183552930487,0.021367521367521368,61.01178101178101,0.0002793076223458793,1.0214761948221234
24,frozenset({'Appolo                        '}),frozenset({'INTERNATIONAL SOURCING JAPAN  '}),0.009706762077843404,0.003213501438739967,0.0002508329547175526,0.025841053144807412,8.041400832526108,0.00021964026081489627,1.023227782056629
25,frozenset({'INTERNATIONAL SOURCING JAPAN  '}),frozenset({'Appolo                        '}),0.003213501438739967,0.009706762077843404,0.0002508329547175526,0.07805596465390278,8.041400832526106,0.00021964026081489627,1.0741359561487929
26,frozenset({'Appolo                        '}),frozenset({'INTERNATIONAL SOURCING KOREA  '}),0.009706762077843404,0.0028254202635165835,0.0002461002574587309,0.025353486104339348,8.97335041859713,0.0002186745751908578,1.0231140885640457
27,frozenset({'INTERNATIONAL SOURCING KOREA  '}),frozenset({'Appolo                        '}),0.0028254202635165835,0.009706762077843404,0.0002461002574587309,0.08710217755443886,8.97335041859713,0.0002186745751908578,1.0847799321826193
28,frozenset({'Appolo                        '}),"frozenset({""King's                        ""})",0.009706762077843404,0.0027449644101166138,0.00022243677116462213,0.022915650901999023,8.348250643084112,0.0001957920547234724,1.0206437514944364
29,"frozenset({""King's                        ""})",frozenset({'Appolo                        '}),0.0027449644101166138,0.009706762077843404,0.00022243677116462213,0.08103448275862069,8.348250643084114,0.0001957920547234724,1.0776174071197953
30,frozenset({'Kowloon Dairy                 '}),frozenset({'Appolo                        '}),0.004619112524610025,0.009706762077843404,0.00040227926699984857,0.08709016393442624,8.972112763865688,0.00035744264071267245,1.0847656568036195
31,frozenset({'Appolo                        '}),frozenset({'Kowloon Dairy                 '}),0.009706762077843404,0.004619112524610025,0.00040227926699984857,0.04144319843978547,8.972112763865688,0.00035744264071267245,1.0384161750824135
32,frozenset({'Appolo                        '}),frozenset({'Nestle                        '}),0.009706762077843404,0.016403528699076176,0.0011169165530819324,0.11506582155046319,7.014699316308907,0.0009576914027629238,1.1114911088915673
33,frozenset({'Nestle                        '}),frozenset({'Appolo                        '}),0.016403528699076176,0.009706762077843404,0.0011169165530819324,0.06809001731102135,7.014699316308906,0.0009576914027629238,1.0626490286805557
34,frozenset({'Appolo                        '}),frozenset({'Potato                        '}),0.009706762077843404,0.01080474784189005,0.0003928138724822051,0.040468064358849344,3.7453964637614674,0.0002879347558698864,1.0309143608619327
35,frozenset({'Potato                        '}),frozenset({'Appolo                        '}),0.01080474784189005,0.009706762077843404,0.0003928138724822051,0.036355672360928605,3.745396463761468,0.0002879347558698864,1.0276543009892198
36,frozenset({'Appolo                        '}),frozenset({'Tetra Pack                    '}),0.009706762077843404,0.02496971073754354,0.00043540814781160077,0.04485616772306192,1.7964232022767421,0.00019303310652969387,1.0208203794166912
37,frozenset({'Tetra Pack                    '}),frozenset({'Appolo                        '}),0.02496971073754354,0.009706762077843404,0.00043540814781160077,0.017437452615617893,1.7964232022767421,0.00019303310652969387,1.007867886434664
38,frozenset({'Bar                           '}),frozenset({'Bottle                        '}),0.007056451612903226,0.11653320460396789,0.0010033318188702105,0.14218645204560698,1.2201368058899635,0.00018102089928575963,1.0299053885343894
39,frozenset({'Bottle                        '}),frozenset({'Bar                           '}),0.11653320460396789,0.007056451612903226,0.0010033318188702105,0.008609836331884823,1.2201368058899635,0.00018102089928575963,1.0015668752585098
40,frozenset({'Misc                          '}),frozenset({'Bar                           '}),0.009541117673784643,0.007056451612903226,0.00029342723004694836,0.030753968253968256,4.35827664399093,0.00022610079484887126,1.024449433750454
41,frozenset({'Bar                           '}),frozenset({'Misc                          '}),0.007056451612903226,0.009541117673784643,0.00029342723004694836,0.04158283031522468,4.35827664399093,0.00022610079484887126,1.0334319059120973
42,frozenset({'Bar                           '}),frozenset({'Potato                        '}),0.007056451612903226,0.01080474784189005,0.00021297137664697864,0.030181086519114688,2.793317064013516,0.00013672819631106096,1.0199793367688395
43,frozenset({'Potato                        '}),frozenset({'Bar                           '}),0.01080474784189005,0.007056451612903226,0.00021297137664697864,0.019710906701708275,2.7933170640135154,0.00013672819631106096,1.0129089012367032
44,frozenset({'Bar                           '}),frozenset({'Tetra Pack                    '}),0.007056451612903226,0.02496971073754354,0.0002697637437528396,0.03822937625754527,1.5310300010830717,9.356618814517349e-05,1.0137867233544788
45,frozenset({'Tetra Pack                    '}),frozenset({'Bar                           '}),0.02496971073754354,0.007056451612903226,0.0002697637437528396,0.010803639120545869,1.5310300010830717,9.356618814517349e-05,1.003788112912497
46,frozenset({'Bottle                        '}),frozenset({'Bite Size                     '}),0.11653320460396789,0.0032892245948811147,0.0005347947902468575,0.004589205214636722,1.3952240360170947,0.0001514909075431732,1.001305974002458
47,frozenset({'Bite Size                     '}),frozenset({'Bottle                        '}),0.0032892245948811147,0.11653320460396789,0.0005347947902468575,0.16258992805755396,1.3952240360170947,0.0001514909075431732,1.054999008247839
48,frozenset({'Buns                          '}),frozenset({'Bottle                        '}),0.003090451310010601,0.11653320460396789,0.0004164773587763138,0.13476263399693722,1.1564312030628618,5.6337163948247827e-05,1.0210687033515202
49,frozenset({'Bottle                        '}),frozenset({'Buns                          '}),0.11653320460396789,0.003090451310010601,0.0004164773587763138,0.0035738943264427567,1.1564312030628618,5.6337163948247827e-05,1.0004851769877159
50,frozenset({'Cakes                         '}),frozenset({'Bottle                        '}),0.009460661820384674,0.11653320460396789,0.0011169165530819324,0.11805902951475737,1.0130934776570757,1.4435313478097789e-05,1.0017300760049166
51,frozenset({'Bottle                        '}),frozenset({'Cakes                         '}),0.11653320460396789,0.009460661820384674,0.0011169165530819324,0.009584534784551029,1.0130934776570757,1.4435313478097789e-05,1.000125071718402
52,frozenset({'Chewy                         '}),frozenset({'Bottle                        '}),0.0028443510525518706,0.11653320460396789,0.00043540814781160077,0.1530782029950083,1.3136015911965753,0.00010394680463906219,1.0431503812043523
53,frozenset({'Bottle                        '}),frozenset({'Chewy                         '}),0.11653320460396789,0.0028443510525518706,0.00043540814781160077,0.003736344068553791,1.3136015911965753,0.00010394680463906219,1.0008953383079784
54,frozenset({'Corn                          '}),frozenset({'Bottle                        '}),0.0017321671967287598,0.11653320460396789,0.00023190216568226563,0.133879781420765,1.1488552286513407,3.0047171337591554e-05,1.0200279088799615
55,frozenset({'Bottle                        '}),frozenset({'Corn                          '}),0.11653320460396789,0.0017321671967287598,0.00023190216568226563,0.0019900093408601713,1.1488552286513407,3.0047171337591554e-05,1.000258356275533
56,frozenset({'DING A MEAL                   '}),frozenset({'Bottle                        '}),0.0023379524458579434,0.11653320460396789,0.0003076253218234136,0.13157894736842105,1.129111207535958,3.517623109590271e-05,1.0173254007590673
57,frozenset({'Bottle                        '}),frozenset({'DING A MEAL                   '}),0.11653320460396789,0.0023379524458579434,0.0003076253218234136,0.0026398083093043087,1.129111207535958,3.517623109590271e-05,1.0003026548141396
58,frozenset({'Dim Sum                       '}),frozenset({'Bottle                        '}),0.0037435635317280024,0.11653320460396789,0.0005300620929880358,0.1415929203539823,1.2150435649236504,9.381263799722382e-05,1.0291932771108416
59,frozenset({'Bottle                        '}),frozenset({'Dim Sum                       '}),0.11653320460396789,0.0037435635317280024,0.0005300620929880358,0.004548592779108964,1.2150435649236506,9.381263799722382e-05,1.00080870772952
60,frozenset({'Bottle                        '}),frozenset({'FAN FAN DIM                   '}),0.11653320460396789,0.0033886112373163716,0.0007288353778585492,0.0062543150712748245,1.8456868118716274,0.00033394965121705565,1.002883739650315
61,frozenset({'FAN FAN DIM                   '}),frozenset({'Bottle                        '}),0.0033886112373163716,0.11653320460396789,0.0007288353778585492,0.21508379888268156,1.8456868118716274,0.00033394965121705565,1.1255555613942332
62,frozenset({'Bottle                        '}),frozenset({'Fish Sausage                  '}),0.11653320460396789,0.0016233151597758594,0.0002602983492351961,0.002233683954026723,1.3760014132653948,7.112823158431306e-05,1.00061173521739
63,frozenset({'Fish Sausage                  '}),frozenset({'Bottle                        '}),0.0016233151597758594,0.11653320460396789,0.0002602983492351961,0.16034985422740525,1.376001413265395,7.112823158431306e-05,1.0521844125723576
64,frozenset({'Bottle                        '}),frozenset({'Gummy                         '}),0.11653320460396789,0.0047563607451158564,0.0006673103134938665,0.005726353409413963,1.2039358905428186,0.00011303635361299919,1.0009755791754356
65,frozenset({'Gummy                         '}),frozenset({'Bottle                        '}),0.0047563607451158564,0.11653320460396789,0.0006673103134938665,0.14029850746268657,1.2039358905428186,0.00011303635361299919,1.0276436682558012
66,frozenset({'House Brand Cake              '}),frozenset({'Bottle                        '}),0.0026313796759048916,0.11653320460396789,0.00044487354232924426,0.16906474820143885,1.4507860551505187,0.0001382304361662968,1.0632197797406795
67,frozenset({'Bottle                        '}),frozenset({'House Brand Cake              '}),0.11653320460396789,0.0026313796759048916,0.00044487354232924426,0.0038175689396093082,1.4507860551505187,0.0001382304361662968,1.0011907349765663
68,frozenset({'Internation Sourcing Japan    '}),frozenset({'Bottle                        '}),0.006128842950174163,0.11653320460396789,0.0008566182038467363,0.13976833976833977,1.199386391572559,0.00014240449434850435,1.0270103231937717
69,frozenset({'Bottle                        '}),frozenset({'Internation Sourcing Japan    '}),0.11653320460396789,0.006128842950174163,0.0008566182038467363,0.007350850830524306,1.1993863915725589,0.00014240449434850435,1.001231057198178
70,frozenset({'International sourcing JAPAN  '}),frozenset({'Bottle                        '}),0.0017510979857640466,0.11653320460396789,0.00024136756019990912,0.13783783783783785,1.1828202811917226,3.7306500343271424e-05,1.0247107031239244
71,frozenset({'Bottle                        '}),frozenset({'International sourcing JAPAN  '}),0.11653320460396789,0.0017510979857640466,0.00024136756019990912,0.0020712342119156885,1.1828202811917226,3.7306500343271424e-05,1.0003208006794944
72,frozenset({'Japan                         '}),frozenset({'Bottle                        '}),0.004822618506739361,0.11653320460396789,0.0005773890655762532,0.11972522080471049,1.0273914736284007,1.539387640351307e-05,1.0036261588724156
73,frozenset({'Bottle                        '}),frozenset({'Japan                         '}),0.11653320460396789,0.004822618506739361,0.0005773890655762532,0.004954717134386549,1.0273914736284004,1.539387640351307e-05,1.0001327563980473
74,frozenset({'Bottle                        '}),frozenset({'LARGE>800ML                   '}),0.11653320460396789,0.0024515371800696655,0.0003502195971528093,0.0030053202290541365,1.2258921681818973,6.45341133535165e-05,1.000555452361202
75,frozenset({'LARGE>800ML                   '}),frozenset({'Bottle                        '}),0.0024515371800696655,0.11653320460396789,0.0003502195971528093,0.14285714285714285,1.2258921681818973,6.45341133535165e-05,1.0307112612953708
76,frozenset({'Large                         '}),frozenset({'Bottle                        '}),0.00728362108132667,0.11653320460396789,0.000956004846281993,0.13125406107862247,1.1263232786284618,0.0001072211405539784,1.016944949973443
77,frozenset({'Bottle                        '}),frozenset({'Large                         '}),0.11653320460396789,0.00728362108132667,0.000956004846281993,0.008203711976607237,1.1263232786284618,0.0001072211405539784,1.000927701491114
78,frozenset({'Bottle                        '}),frozenset({'MEAL SOLUTION & SPAGHETTI     '}),0.11653320460396789,0.0015807208844464636,0.00021770407390580039,0.0018681720342768955,1.1818481381873382,3.3497603656835545e-05,1.000287989163131
79,frozenset({'MEAL SOLUTION & SPAGHETTI     '}),frozenset({'Bottle                        '}),0.0015807208844464636,0.11653320460396789,0.00021770407390580039,0.1377245508982036,1.1818481381873382,3.3497603656835545e-05,1.0245760752162316
80,frozenset({'Potato                        '}),frozenset({'Bottle                        '}),0.01080474784189005,0.11653320460396789,0.0014907996365288506,0.13797634691195795,1.1840088615160245,0.00023168774557559687,1.0248753525859458
81,frozenset({'Bottle                        '}),frozenset({'Potato                        '}),0.11653320460396789,0.01080474784189005,0.0014907996365288506,0.012792917191243959,1.1840088615160242,0.00023168774557559687,1.002013933432991
82,frozenset({'Poultry & Others              '}),frozenset({'Bottle                        '}),0.0029532030895047705,0.11653320460396789,0.0003644176889292746,0.1233974358974359,1.0589036516827608,2.0271469062945098e-05,1.0078304941994956
83,frozenset({'Bottle                        '}),frozenset({'Poultry & Others              '}),0.11653320460396789,0.0029532030895047705,0.0003644176889292746,0.0031271575356374122,1.0589036516827606,2.0271469062945098e-05,1.0001745001355464
84,frozenset({'Premium super soft            '}),frozenset({'Bottle                        '}),0.0012021051037407239,0.11653320460396789,0.00022716946842344388,0.1889763779527559,1.6216526319256594,8.708430841375205e-05,1.0893231360708358
85,frozenset({'Bottle                        '}),frozenset({'Premium super soft            '}),0.11653320460396789,0.0012021051037407239,0.00022716946842344388,0.0019493969053324127,1.6216526319256594,8.708430841375205e-05,1.0007487514152835
86,frozenset({'Bottle                        '}),frozenset({'QB UFO Pocket                 '}),0.11653320460396789,0.005196501590186279,0.0006673103134938665,0.005726353409413963,1.1019631785023065,6.174533045984426e-05,1.0005329034125008
87,frozenset({'QB UFO Pocket                 '}),frozenset({'Bottle                        '}),0.005196501590186279,0.11653320460396789,0.0006673103134938665,0.1284153005464481,1.1019631785023067,6.174533045984426e-05,1.0136327495766388
88,frozenset({'Quick Breakfast Bun           '}),frozenset({'Bottle                        '}),0.0021155156746933213,0.11653320460396789,0.0002697637437528396,0.12751677852348992,1.0942527407261229,2.323592279090161e-05,1.0125888654923751
89,frozenset({'Bottle                        '}),frozenset({'Quick Breakfast Bun           '}),0.11653320460396789,0.0021155156746933213,0.0002697637437528396,0.00231490882508224,1.0942527407261229,2.323592279090161e-05,1.0001998557983403
90,frozenset({'SUSHI(General)                '}),frozenset({'Bottle                        '}),0.002513062244434348,0.11653320460396789,0.0003833484779645616,0.15254237288135594,1.3090035016179582,9.04932812513869e-05,1.0424908185673178
91,frozenset({'Bottle                        '}),frozenset({'SUSHI(General)                '}),0.11653320460396789,0.002513062244434348,0.0003833484779645616,0.003289607277748447,1.3090035016179582,9.04932812513869e-05,1.0007791079926367
92,frozenset({'Bottle                        '}),frozenset({'Stick                         '}),0.11653320460396789,0.0022338331061638648,0.00032182341359987884,0.002761645615887585,1.236281084861405,6.150768318816807e-05,1.0005292741774354
93,frozenset({'Stick                         '}),frozenset({'Bottle                        '}),0.0022338331061638648,0.11653320460396789,0.00032182341359987884,0.1440677966101695,1.236281084861405,6.150768318816807e-05,1.0321691272943743
94,frozenset({'With Filing                   '}),frozenset({'Bottle                        '}),0.0024278736937755566,0.11653320460396789,0.0003454868998939876,0.1423001949317739,1.2211128614833326,6.25589979846494e-05,1.0300419682685558
95,frozenset({'Bottle                        '}),frozenset({'With Filing                   '}),0.11653320460396789,0.0024278736937755566,0.0003454868998939876,0.002964707793526378,1.2211128614833324,6.25589979846494e-05,1.00053843038852
96,frozenset({'Cakes                         '}),frozenset({'Buns                          '}),0.009460661820384674,0.003090451310010601,0.00024136756019990912,0.025512756378189092,8.255349726930847,0.00021212984548353402,1.0230093366690394
97,frozenset({'Buns                          '}),frozenset({'Cakes                         '}),0.003090451310010601,0.009460661820384674,0.00024136756019990912,0.0781010719754977,8.255349726930847,0.00021212984548353402,1.074455461513769
98,frozenset({'Buns                          '}),frozenset({'Can                           '}),0.003090451310010601,0.028699076177495078,0.0003076253218234136,0.0995405819295559,3.4684246041206204,0.00021893222425457988,1.0786726245851967
99,frozenset({'Can                           '}),frozenset({'Buns                          '}),0.028699076177495078,0.003090451310010601,0.0003076253218234136,0.010718997361477571,3.4684246041206204,0.00021893222425457988,1.0077112024097508
100,frozenset({'Buns                          '}),frozenset({'Tetra Pack                    '}),0.003090451310010601,0.02496971073754354,0.0002650310464940179,0.08575803981623278,3.4344827105782265,0.00018786337123459068,1.0664904168984657
101,frozenset({'Tetra Pack                    '}),frozenset({'Buns                          '}),0.02496971073754354,0.003090451310010601,0.0002650310464940179,0.01061410159211524,3.434482710578226,0.00018786337123459068,1.0076043637717211
102,frozenset({'Cakes                         '}),frozenset({'Can                           '}),0.009460661820384674,0.028699076177495078,0.0003928138724822051,0.0415207603801901,1.4467629593160698,0.00012130161820946608,1.0133771120674255
103,frozenset({'Can                           '}),frozenset({'Cakes                         '}),0.028699076177495078,0.009460661820384674,0.0003928138724822051,0.013687335092348285,1.4467629593160696,0.00012130161820946608,1.0042853279921733
104,frozenset({'Cakes                         '}),frozenset({'Tetra Pack                    '}),0.009460661820384674,0.02496971073754354,0.0006483795244585795,0.06853426713356678,2.744696078137628,0.0004121495354178521,1.0467698970116277
105,frozenset({'Tetra Pack                    '}),frozenset({'Cakes                         '}),0.02496971073754354,0.009460661820384674,0.0006483795244585795,0.02596664139499621,2.7446960781376286,0.0004121495354178521,1.0169460105537362
106,frozenset({'FAN FAN DIM                   '}),frozenset({'Can                           '}),0.0033886112373163716,0.028699076177495078,0.0007430334696350144,0.21927374301675978,7.640446042953377,0.000645783457599356,1.2440992154864283
107,frozenset({'Can                           '}),frozenset({'FAN FAN DIM                   '}),0.028699076177495078,0.0033886112373163716,0.0007430334696350144,0.025890501319261214,7.640446042953376,0.000645783457599356,1.0230999596168806
108,frozenset({'Large                         '}),frozenset({'Can                           '}),0.00728362108132667,0.028699076177495078,0.00021770407390580039,0.029889538661468484,1.0414808642832527,8.670877644797206e-06,1.0012271411673377
109,frozenset({'Can                           '}),frozenset({'Large                         '}),0.028699076177495078,0.00728362108132667,0.00021770407390580039,0.00758575197889182,1.0414808642832527,8.670877644797206e-06,1.0003044403062205
110,frozenset({'ORIENTAL BUN                  '}),frozenset({'Can                           '}),0.04669752385279419,0.028699076177495078,0.0015428593063758897,0.03303942434377217,1.1512365115669003,0.00020268351202415587,1.0044886505981192
111,frozenset({'Can                           '}),frozenset({'ORIENTAL BUN                  '}),0.028699076177495078,0.04669752385279419,0.0015428593063758897,0.0537598944591029,1.1512365115669003,0.00020268351202415587,1.0074636136905988
112,frozenset({'Poultry & Others              '}),frozenset({'Can                           '}),0.0029532030895047705,0.028699076177495078,0.00031709071634105707,0.10737179487179487,3.741297950071037,0.00023233651590774586,1.088136043923237
113,frozenset({'Can                           '}),frozenset({'Poultry & Others              '}),0.028699076177495078,0.0029532030895047705,0.00031709071634105707,0.011048812664907651,3.7412979500710373,0.00023233651590774586,1.0081860557720932
114,frozenset({'Can                           '}),frozenset({'QB UFO Pocket                 '}),0.028699076177495078,0.005196501590186279,0.0003738830834469181,0.013027704485488126,2.5070144325734964,0.00022474828845368776,1.0079345721565767
115,frozenset({'QB UFO Pocket                 '}),frozenset({'Can                           '}),0.005196501590186279,0.028699076177495078,0.0003738830834469181,0.07194899817850638,2.5070144325734964,0.00022474828845368776,1.0466029581522183
116,frozenset({'SAINT HONORE                  '}),frozenset({'Can                           '}),0.006256625776162351,0.028699076177495078,0.000544260184764501,0.08698940998487141,3.0310874624279998,0.00036470080500033844,1.0638440938635885
117,frozenset({'Can                           '}),frozenset({'SAINT HONORE                  '}),0.028699076177495078,0.006256625776162351,0.000544260184764501,0.01896437994722955,3.0310874624279993,0.00036470080500033844,1.0129534075127502
118,frozenset({'Cold Medication               '}),frozenset({'SM<=500ML                     '}),0.0007477661668938362,0.013289413902771467,0.0006531122217174011,0.8734177215189872,65.72281726712106,0.00064317484762306,7.795013630168098
119,frozenset({'SM<=500ML                     '}),frozenset({'Cold Medication               '}),0.013289413902771467,0.0007477661668938362,0.0006531122217174011,0.049145299145299144,65.72281726712106,0.00064317484762306,1.050898978503132
120,frozenset({'Corn                          '}),frozenset({'Potato                        '}),0.0017321671967287598,0.01080474784189005,0.00023190216568226563,0.133879781420765,12.390828863373615,0.00021318653590161782,1.1420992501257674
121,frozenset({'Potato                        '}),frozenset({'Corn                          '}),0.01080474784189005,0.0017321671967287598,0.00023190216568226563,0.021462987297415678,12.390828863373615,0.00021318653590161782,1.0201635909981506
122,frozenset({'LOAF                          '}),frozenset({'DRY CAKE                      '}),0.010359874299560807,0.011599840981372104,0.0006010525518703619,0.05801735952489721,5.001565074733856,0.0004808796574084529,1.049276405476128
123,frozenset({'DRY CAKE                      '}),frozenset({'LOAF                          '}),0.011599840981372104,0.010359874299560807,0.0006010525518703619,0.05181558547531619,5.001565074733856,0.0004808796574084529,1.0437211480601447
124,frozenset({'MINI RANGE                    '}),frozenset({'DRY CAKE                      '}),0.0035163940633045586,0.011599840981372104,0.00028396183552930487,0.08075370121130553,6.961621399895558,0.00024317222356713108,1.075228869913383
125,frozenset({'DRY CAKE                      '}),frozenset({'MINI RANGE                    '}),0.011599840981372104,0.0035163940633045586,0.00028396183552930487,0.02447980416156671,6.961621399895558,0.00024317222356713108,1.0214894680681057
126,frozenset({'ORIENTAL BUN                  '}),frozenset({'DRY CAKE                      '}),0.04669752385279419,0.011599840981372104,0.001817355747387551,0.03891760413499543,3.3550118658947348,0.0012756718964713077,1.0284239553977435
127,frozenset({'DRY CAKE                      '}),frozenset({'ORIENTAL BUN                  '}),0.011599840981372104,0.04669752385279419,0.001817355747387551,0.15667074663402691,3.3550118658947348,0.0012756718964713077,1.1304036618465414
128,frozenset({'Dim Sum                       '}),frozenset({'MEAL SOLUTION & SPAGHETTI     '}),0.0037435635317280024,0.0015807208844464636,0.0002650310464940179,0.07079646017699115,44.78745164538181,0.00025911351743716326,1.0744893194291194
129,frozenset({'MEAL SOLUTION & SPAGHETTI     '}),frozenset({'Dim Sum                       '}),0.0015807208844464636,0.0037435635317280024,0.0002650310464940179,0.16766467065868265,44.78745164538181,0.00025911351743716326,1.196941186260442
130,frozenset({'Dim Sum                       '}),frozenset({'Poultry & Others              '}),0.0037435635317280024,0.0029532030895047705,0.00033128880811752234,0.08849557522123894,29.965963240299523,0.0003202333047298658,1.093847456804718
131,frozenset({'Poultry & Others              '}),frozenset({'Dim Sum                       '}),0.0029532030895047705,0.0037435635317280024,0.00033128880811752234,0.11217948717948718,29.965963240299523,0.0003202333047298658,1.1221372136393533
132,frozenset({'Nestle                        '}),"frozenset({""Dreyer's                      ""})",0.016403528699076176,0.003658374981069211,0.0005205966984703922,0.031736872475476054,8.675128339687177,0.00046058643947644116,1.0289988296530435
133,"frozenset({""Dreyer's                      ""})",frozenset({'Nestle                        '}),0.003658374981069211,0.016403528699076176,0.0005205966984703922,0.14230271668822767,8.675128339687177,0.00046058643947644116,1.1467874393900666
134,frozenset({'GLOBAL SOURCING KOREA         '}),frozenset({'QB UFO Pocket                 '}),0.004240496743904286,0.005196501590186279,0.00021297137664697864,0.05022321428571428,9.664812646370022,0.00019093562857410028,1.0474076787017546
135,frozenset({'QB UFO Pocket                 '}),frozenset({'GLOBAL SOURCING KOREA         '}),0.005196501590186279,0.004240496743904286,0.00021297137664697864,0.040983606557377046,9.664812646370022,0.00019093562857410028,1.03831332818157
136,frozenset({'HK STYLE DRINKS               '}),frozenset({'ORIENTAL BUN                  '}),0.0031803725579282144,0.04669752385279419,0.0010979857640466455,0.34523809523809523,7.393070697418523,0.0009494702406620207,1.455952872661187
137,frozenset({'ORIENTAL BUN                  '}),frozenset({'HK STYLE DRINKS               '}),0.04669752385279419,0.0031803725579282144,0.0010979857640466455,0.023512719164893076,7.393070697418523,0.0009494702406620207,1.020821926722462
138,frozenset({'HK STYLE DRINKS               '}),frozenset({'STIR-FRIED NOODLE/NOODLE RANGE'}),0.0031803725579282144,0.005589315462668484,0.0002461002574587309,0.07738095238095238,13.84444175638079,0.00022832415194365622,1.077812870982398
139,frozenset({'STIR-FRIED NOODLE/NOODLE RANGE'}),frozenset({'HK STYLE DRINKS               '}),0.005589315462668484,0.0031803725579282144,0.0002461002574587309,0.04403048264182896,13.844441756380792,0.00022832415194365622,1.042731603196711
140,frozenset({'House Brand Cake              '}),frozenset({'Tetra Pack                    '}),0.0026313796759048916,0.02496971073754354,0.00021297137664697864,0.08093525179856115,3.2413371804451816,0.00014726658729898243,1.0608940133658038
141,frozenset({'Tetra Pack                    '}),frozenset({'House Brand Cake              '}),0.02496971073754354,0.0026313796759048916,0.00021297137664697864,0.008529188779378317,3.2413371804451816,0.00014726658729898243,1.005948545369896
142,"frozenset({""King's                        ""})",frozenset({'INTERNATIONAL SOURCING JAPAN  '}),0.0027449644101166138,0.003213501438739967,0.00021770407390580039,0.0793103448275862,24.680351429587116,0.00020888312682460064,1.082652002182642
143,frozenset({'INTERNATIONAL SOURCING JAPAN  '}),"frozenset({""King's                        ""})",0.003213501438739967,0.0027449644101166138,0.00021770407390580039,0.06774668630338733,24.68035142958712,0.00020888312682460064,1.0697253857275368
144,frozenset({'MISC (General)                '}),frozenset({'INTERNATIONAL SOURCING JAPAN  '}),0.0002697637437528396,0.003213501438739967,0.0002555656519763744,0.9473684210526316,294.8087745136036,0.00025469876579770474,18.93894347266396
145,frozenset({'INTERNATIONAL SOURCING JAPAN  '}),frozenset({'MISC (General)                '}),0.003213501438739967,0.0002697637437528396,0.0002555656519763744,0.07952871870397643,294.8087745136036,0.00025469876579770474,1.0861069286687868
146,frozenset({'INTERNATIONAL SOURCING JAPAN  '}),frozenset({'Nestle                        '}),0.003213501438739967,0.016403528699076176,0.00022243677116462213,0.06921944035346096,4.2197896332731935,0.0001697240080897285,1.0567436772362773
147,frozenset({'Nestle                        '}),frozenset({'INTERNATIONAL SOURCING JAPAN  '}),0.016403528699076176,0.003213501438739967,0.00022243677116462213,0.013560300057703405,4.2197896332731935,0.0001697240080897285,1.0104890330544976
148,frozenset({'Nestle                        '}),frozenset({'INTERNATIONAL SOURCING KOREA  '}),0.016403528699076176,0.0028254202635165835,0.0003454868998939876,0.02106174264281593,7.454375164918651,0.00029914003751444195,1.0186286747322875
149,frozenset({'INTERNATIONAL SOURCING KOREA  '}),frozenset({'Nestle                        '}),0.0028254202635165835,0.016403528699076176,0.0003454868998939876,0.12227805695142378,7.45437516491865,0.00029914003751444195,1.1206242239821596
150,frozenset({'Internation Sourcing Japan    '}),frozenset({'Japan                         '}),0.006128842950174163,0.004822618506739361,0.00031709071634105707,0.051737451737451735,10.728083024844555,0.0002875336449046481,1.0494745187571437
151,frozenset({'Japan                         '}),frozenset({'Internation Sourcing Japan    '}),0.004822618506739361,0.006128842950174163,0.00031709071634105707,0.06575073601570165,10.728083024844553,0.0002875336449046481,1.063817971674131
152,frozenset({'Internation Sourcing Japan    '}),frozenset({'Misc                          '}),0.006128842950174163,0.009541117673784643,0.0002981599273057701,0.048648648648648644,5.0988416988416985,0.00023968391551401296,1.041107347899715
153,frozenset({'Misc                          '}),frozenset({'Internation Sourcing Japan    '}),0.009541117673784643,0.006128842950174163,0.0002981599273057701,0.03125,5.098841698841699,0.00023968391551401296,1.025931516954659
154,frozenset({'Internation Sourcing Japan    '}),frozenset({'Potato                        '}),0.006128842950174163,0.01080474784189005,0.00044960623958806604,0.07335907335907337,6.789522016854474,0.0003833856369488887,1.0675065429539603
155,frozenset({'Potato                        '}),frozenset({'Internation Sourcing Japan    '}),0.01080474784189005,0.006128842950174163,0.00044960623958806604,0.04161191414805081,6.789522016854474,0.0003833856369488887,1.0370236981465961
156,frozenset({'Japan                         '}),frozenset({'Potato                        '}),0.004822618506739361,0.01080474784189005,0.00023190216568226563,0.04808635917566241,4.450484164862358,0.0001797949887793145,1.0391649092258908
157,frozenset({'Potato                        '}),frozenset({'Japan                         '}),0.01080474784189005,0.004822618506739361,0.00023190216568226563,0.021462987297415678,4.450484164862358,0.0001797949887793145,1.0170053544982605
158,frozenset({'SAINT HONORE                  '}),frozenset({'Juice                         '}),0.006256625776162351,0.0018646827199757686,0.00031235801908223535,0.049924357034795766,26.773647066051286,0.00030069139711207045,1.0505851030606626
159,frozenset({'Juice                         '}),frozenset({'SAINT HONORE                  '}),0.0018646827199757686,0.006256625776162351,0.00031235801908223535,0.16751269035532995,26.773647066051282,0.00030069139711207045,1.1937039312322928
160,"frozenset({""King's                        ""})",frozenset({'Nestle                        '}),0.0027449644101166138,0.016403528699076176,0.00029342723004694836,0.10689655172413794,6.516680263445889,0.0002484001275676578,1.1013242342751657
161,frozenset({'Nestle                        '}),"frozenset({""King's                        ""})",0.016403528699076176,0.0027449644101166138,0.00029342723004694836,0.01788805539526832,6.516680263445888,0.0002484001275676578,1.015418905215786
162,frozenset({'Kowloon Dairy                 '}),frozenset({'Nestle                        '}),0.004619112524610025,0.016403528699076176,0.0007666969559291232,0.16598360655737707,10.118774417526701,0.0006909272110674204,1.1793490859824345
163,frozenset({'Nestle                        '}),frozenset({'Kowloon Dairy                 '}),0.016403528699076176,0.004619112524610025,0.0007666969559291232,0.046739757645701104,10.118774417526701,0.0006909272110674204,1.0441858825634691
164,frozenset({'Newspaper (General)           '}),frozenset({'LEVY BAG(General)             '}),0.25634654702407994,0.0036915038618809634,0.0014529380584582766,0.005667866703590881,1.5353814910281265,0.0005066337901390355,1.0019876284548481
165,frozenset({'LEVY BAG(General)             '}),frozenset({'Newspaper (General)           '}),0.0036915038618809634,0.25634654702407994,0.0014529380584582766,0.3935897435897436,1.5353814910281265,0.0005066337901390355,1.22632070469602
166,frozenset({'Potato                        '}),frozenset({'LEVY BAG(General)             '}),0.01080474784189005,0.0036915038618809634,0.0003644176889292746,0.0337275514673675,9.13653424980626,0.00032453192054428747,1.0310844499924414
167,frozenset({'LEVY BAG(General)             '}),frozenset({'Potato                        '}),0.0036915038618809634,0.01080474784189005,0.0003644176889292746,0.09871794871794871,9.136534249806259,0.00032453192054428747,1.0975423850402928
168,frozenset({'LOAF                          '}),frozenset({'ORIENTAL BUN                  '}),0.010359874299560807,0.04669752385279419,0.001235233984552476,0.11923252626770213,2.5532944025803577,0.0007514535073367859,1.0823543155011583
169,frozenset({'ORIENTAL BUN                  '}),frozenset({'LOAF                          '}),0.04669752385279419,0.010359874299560807,0.001235233984552476,0.02645180906050471,2.5532944025803577,0.0007514535073367859,1.016529160970876
170,frozenset({'Large                         '}),frozenset({'Potato                        '}),0.00728362108132667,0.01080474784189005,0.0002886945327881266,0.0396361273554256,3.66839910893211,0.00020999684362851736,1.0300213078967058
171,frozenset({'Potato                        '}),frozenset({'Large                         '}),0.01080474784189005,0.00728362108132667,0.0002886945327881266,0.026719229084537884,3.6683991089321095,0.00020999684362851736,1.019969168798979
172,frozenset({'Large                         '}),frozenset({'Poultry & Others              '}),0.00728362108132667,0.0029532030895047705,0.00022243677116462213,0.030539311241065625,10.341080621782377,0.00020092675888446613,1.0284551075370323
173,frozenset({'Poultry & Others              '}),frozenset({'Large                         '}),0.0029532030895047705,0.00728362108132667,0.00022243677116462213,0.07532051282051282,10.341080621782375,0.00020092675888446613,1.0735788915862257
174,frozenset({'Large                         '}),frozenset({'Tetra Pack                    '}),0.00728362108132667,0.02496971073754354,0.00022243677116462213,0.030539311241065625,1.223054266109212,4.0566859642021105e-05,1.0057450503853356
175,frozenset({'Tetra Pack                    '}),frozenset({'Large                         '}),0.02496971073754354,0.00728362108132667,0.00022243677116462213,0.008908263836239575,1.223054266109212,4.0566859642021105e-05,1.001639245587095
176,frozenset({'MINI RANGE                    '}),frozenset({'ORIENTAL BUN                  '}),0.0035163940633045586,0.04669752385279419,0.001258897470846585,0.35800807537012114,7.666532309050888,0.0010946905751995964,1.4849135005814966
177,frozenset({'ORIENTAL BUN                  '}),frozenset({'MINI RANGE                    '}),0.04669752385279419,0.0035163940633045586,0.001258897470846585,0.026958548697679132,7.666532309050888,0.0010946905751995964,1.02409163001535
178,frozenset({'MINI RANGE                    '}),frozenset({'Tetra Pack                    '}),0.0035163940633045586,0.02496971073754354,0.00023190216568226563,0.06594885598923284,2.6411541840600723,0.00014409882308233542,1.0438724854783936
179,frozenset({'Tetra Pack                    '}),frozenset({'MINI RANGE                    '}),0.02496971073754354,0.0035163940633045586,0.00023190216568226563,0.009287338893100834,2.6411541840600723,0.00014409882308233542,1.0058250439873744
180,frozenset({'Misc (General)                '}),frozenset({'Menthol Lights KS             '}),0.007884673633197031,0.02876060124185976,0.0008471528093290929,0.10744297719087637,3.7357695093834806,0.0006203848550425074,1.0881538926234442
181,frozenset({'Menthol Lights KS             '}),frozenset({'Misc (General)                '}),0.02876060124185976,0.007884673633197031,0.0008471528093290929,0.029455323350337338,3.7357695093834806,0.0006203848550425074,1.0222253032097426
182,frozenset({'Misc (General)                '}),frozenset({'Menthol Ultra Lights KS       '}),0.007884673633197031,0.0311411479630471,0.0010601241859760715,0.13445378151260506,4.317560215575592,0.0008145863977243467,1.1193611979844407
183,frozenset({'Menthol Ultra Lights KS       '}),frozenset({'Misc (General)                '}),0.0311411479630471,0.007884673633197031,0.0010601241859760715,0.03404255319148936,4.317560215575592,0.0008145863977243467,1.0270797431550605
184,frozenset({'Misc                          '}),frozenset({'Potato                        '}),0.009541117673784643,0.01080474784189005,0.0005726563683174315,0.06001984126984128,5.55495067058799,0.00046956699772238787,1.0523575875201845
185,frozenset({'Potato                        '}),frozenset({'Misc                          '}),0.01080474784189005,0.009541117673784643,0.0005726563683174315,0.05300043802014893,5.55495067058799,0.00046956699772238787,1.0458915949818455
186,frozenset({'Misc                          '}),frozenset({'SM<=500ML                     '}),0.009541117673784643,0.013289413902771467,0.0002602983492351961,0.027281746031746032,2.0528930945597614,0.00013350248737322392,1.0143847738766
187,frozenset({'SM<=500ML                     '}),frozenset({'Misc                          '}),0.013289413902771467,0.009541117673784643,0.0002602983492351961,0.019586894586894586,2.0528930945597614,0.00013350248737322392,1.0102464735096304
188,frozenset({'Misc                          '}),frozenset({'Tetra Pack                    '}),0.009541117673784643,0.02496971073754354,0.0002981599273057701,0.03125,1.2515163002274452,5.992097887850325e-05,1.0064828792386649
189,frozenset({'Tetra Pack                    '}),frozenset({'Misc                          '}),0.02496971073754354,0.009541117673784643,0.0002981599273057701,0.011940864291129644,1.2515163002274452,5.992097887850325e-05,1.002428747967219
190,frozenset({'Misc (General)                '}),frozenset({'Non-Menthol Full Flavor KS    '}),0.007884673633197031,0.04253275026503105,0.0005158640012115706,0.06542617046818729,1.538253935155903,0.00018050714664952623,1.0244961066528313
191,frozenset({'Non-Menthol Full Flavor KS    '}),frozenset({'Misc (General)                '}),0.04253275026503105,0.007884673633197031,0.0005158640012115706,0.012128630243685325,1.538253935155903,0.00018050714664952623,1.0042960619574746
192,frozenset({'Misc (General)                '}),frozenset({'Non-Menthol Lights KS         '}),0.007884673633197031,0.029915379373012266,0.00044487354232924426,0.056422569027611044,1.8860723216671578,0.00020900053935976812,1.0280922251682962
193,frozenset({'Non-Menthol Lights KS         '}),frozenset({'Misc (General)                '}),0.029915379373012266,0.007884673633197031,0.00044487354232924426,0.014871064704951748,1.8860723216671575,0.00020900053935976812,1.0070918544988858
194,frozenset({'Potato                        '}),frozenset({'Nestle                        '}),0.01080474784189005,0.016403528699076176,0.00033128880811752234,0.03066141042487954,1.8691960118682482,0.00015405281680679753,1.0147088766290147
195,frozenset({'Nestle                        '}),frozenset({'Potato                        '}),0.016403528699076176,0.01080474784189005,0.00033128880811752234,0.020196191575302946,1.8691960118682485,0.00015405281680679753,1.0095850247290958
196,frozenset({'ORIENTAL BUN                  '}),frozenset({'STREET SNACKS                 '}),0.04669752385279419,0.007643306072997122,0.0003644176889292746,0.007803790412486065,1.0209967176449881,7.494221271284803e-06,1.000161746575867
197,frozenset({'STREET SNACKS                 '}),frozenset({'ORIENTAL BUN                  '}),0.007643306072997122,0.04669752385279419,0.0003644176889292746,0.0476780185758514,1.020996717644988,7.494221271284803e-06,1.0010295832104925
198,frozenset({'ORIENTAL BUN                  '}),frozenset({'Tetra Pack                    '}),0.04669752385279419,0.02496971073754354,0.0019025442980463425,0.040741866828823345,1.6316515340149844,0.0007365206352825319,1.0164420353040315
199,frozenset({'Tetra Pack                    '}),frozenset({'ORIENTAL BUN                  '}),0.02496971073754354,0.04669752385279419,0.0019025442980463425,0.07619408642911296,1.6316515340149844,0.0007365206352825319,1.0319293935479397
200,frozenset({'Potato                        '}),frozenset({'PET SM 600ML<=                '}),0.01080474784189005,0.011855406633348478,0.00029342723004694836,0.02715724923346474,2.2907058419298063,0.0001653325508105474,1.015728998944649
201,frozenset({'PET SM 600ML<=                '}),frozenset({'Potato                        '}),0.011855406633348478,0.01080474784189005,0.00029342723004694836,0.024750499001996006,2.2907058419298063,0.0001653325508105474,1.0142996752583158
202,frozenset({'Potato                        '}),frozenset({'Tetra Pack                    '}),0.01080474784189005,0.02496971073754354,0.000506398606693927,0.04686815593517302,1.8770003556630626,0.00023660717848983463,1.022975252934829
203,frozenset({'Tetra Pack                    '}),frozenset({'Potato                        '}),0.02496971073754354,0.01080474784189005,0.000506398606693927,0.020280515542077333,1.8770003556630626,0.00023660717848983463,1.009671919208007
204,frozenset({'Snacks                        '}),frozenset({'Poultry & Others              '}),0.0015333939118582463,0.0029532030895047705,0.00023190216568226563,0.15123456790123455,51.210351377018036,0.00022737374204433804,1.1747024079963653
205,frozenset({'Poultry & Others              '}),frozenset({'Snacks                        '}),0.0029532030895047705,0.0015333939118582463,0.00023190216568226563,0.07852564102564102,51.21035137701804,0.00022737374204433804,1.083553325563479
206,frozenset({'Tetra Pack                    '}),frozenset({'QB UFO Pocket                 '}),0.02496971073754354,0.005196501590186279,0.00046380433136453125,0.018574677786201668,3.574458212671464,0.00033404918981039483,1.0136313745867473
207,frozenset({'QB UFO Pocket                 '}),frozenset({'Tetra Pack                    '}),0.005196501590186279,0.02496971073754354,0.00046380433136453125,0.08925318761384335,3.5744582126714644,0.00033404918981039483,1.0705832576101773
208,frozenset({'Quick Breakfast Bun           '}),frozenset({'Tetra Pack                    '}),0.0021155156746933213,0.02496971073754354,0.0003880811752233833,0.18344519015659955,7.346708661737843,0.0003352573607655518,1.194078189863885
209,frozenset({'Tetra Pack                    '}),frozenset({'Quick Breakfast Bun           '}),0.02496971073754354,0.0021155156746933213,0.0003880811752233833,0.015542077331311601,7.346708661737844,0.0003352573607655518,1.0136385327878934
210,frozenset({'REGULAR SIZE BUN ITEMS        '}),frozenset({'STREET SNACKS                 '}),0.0032986899893987583,0.007643306072997122,0.0002555656519763744,0.07747489239598278,10.13630641715268,0.00023035275474746805,1.0756961363407793
211,frozenset({'STREET SNACKS                 '}),frozenset({'REGULAR SIZE BUN ITEMS        '}),0.007643306072997122,0.0032986899893987583,0.0002555656519763744,0.03343653250773994,10.13630641715268,0.00023035275474746805,1.0311804072178865
212,frozenset({'SAINT HONORE                  '}),frozenset({'Tetra Pack                    '}),0.006256625776162351,0.02496971073754354,0.0006673103134938665,0.10665658093797277,4.271438386252823,0.0005110841776700337,1.091439493992352
213,frozenset({'Tetra Pack                    '}),frozenset({'SAINT HONORE                  '}),0.02496971073754354,0.006256625776162351,0.0006673103134938665,0.026724791508718728,4.271438386252823,0.0005110841776700337,1.0210301932628953
214,frozenset({'STIR-FRIED NOODLE/NOODLE RANGE'}),frozenset({'STEAM STATION TOP-UP ITEMS    '}),0.005589315462668484,0.0022196350143874,0.0020729213993639253,0.3708721422523285,167.08699396449467,0.0020605151590565294,1.5859739045060677
215,frozenset({'STEAM STATION TOP-UP ITEMS    '}),frozenset({'STIR-FRIED NOODLE/NOODLE RANGE'}),0.0022196350143874,0.005589315462668484,0.0020729213993639253,0.9339019189765457,167.08699396449467,0.0020605151590565294,15.04447132412928
216,frozenset({'STIR-FRIED NOODLE/NOODLE RANGE'}),frozenset({'STREET SNACKS                 '}),0.005589315462668484,0.007643306072997122,0.0002792291382704831,0.049957662997459774,6.536132731090564,0.00023650828945077234,1.044539443429403
217,frozenset({'STREET SNACKS                 '}),frozenset({'STIR-FRIED NOODLE/NOODLE RANGE'}),0.007643306072997122,0.005589315462668484,0.0002792291382704831,0.03653250773993808,6.536132731090564,0.00023650828945077234,1.0321164881284
218,frozenset({'Tetra Pack                    '}),frozenset({'STREET SNACKS                 '}),0.02496971073754354,0.007643306072997122,0.00021770407390580039,0.008718726307808946,1.1407009250370275,2.6852932184552402e-05,1.0010848789978712
219,frozenset({'STREET SNACKS                 '}),frozenset({'Tetra Pack                    '}),0.007643306072997122,0.02496971073754354,0.00021770407390580039,0.02848297213622291,1.1407009250370275,2.6852932184552402e-05,1.0036162633262378
